,0_Area under the curve,0_Autocorrelation,0_Centroid,0_Mean absolute diff,0_Mean diff,0_Median absolute diff,0_Median diff,0_Negative turning points,0_Neighbourhood peaks,0_Positive turning points,0_Signal distance,0_Slope,0_Sum absolute diff,0_Zero crossing rate,1_Area under the curve,1_Autocorrelation,1_Centroid,1_Mean absolute diff,1_Mean diff,1_Median absolute diff,1_Median diff,1_Negative turning points,1_Neighbourhood peaks,1_Positive turning points,1_Signal distance,1_Slope,1_Sum absolute diff,1_Zero crossing rate,2_Area under the curve,2_Autocorrelation,2_Centroid,2_Mean absolute diff,2_Mean diff,2_Median absolute diff,2_Median diff,2_Negative turning points,2_Neighbourhood peaks,2_Positive turning points,2_Signal distance,2_Slope,2_Sum absolute diff,2_Zero crossing rate,3_Area under the curve,3_Autocorrelation,3_Centroid,3_Mean absolute diff,3_Mean diff,3_Median absolute diff,3_Median diff,3_Negative turning points,3_Neighbourhood peaks,3_Positive turning points,3_Signal distance,3_Slope,3_Sum absolute diff,3_Zero crossing rate,label
0,1775.8780612749047,1783.3709026450645,886.5033888114808,0.021175001863008334,1.6173164037252493e-05,0.012180935413751426,-0.00030175343921129416,473.0,83.0,472.0,1773.2021059758183,2.2719312285904677e-07,37.522103301250766,0.0,33542.318075193514,994980.2759443861,1114.3854032217362,6.408157363605251,0.02088282790325554,1.6078676480090461,-0.006900613809362799,409.0,69.0,410.0,11968.627421733316,0.007955961937988643,11355.254848308505,0.0,170412.98471842508,16675972.098941028,887.5620223382529,5.767148432804845,0.014631799208412339,0.3939977624768858,0.0,381.0,56.0,380.0,11260.590734653346,0.00020513082661663247,10219.387022930185,0.0,36723.44381844883,1373548.3257636586,973.5980537834755,7.244938961483031,0.0024727634781009137,0.19427928880264567,0.0,220.0,60.0,306.0,13957.447033315804,0.0033376622387168396,12838.031839747931,297.0,2
1,1651.2982301918832,1658.2659176961126,823.6680961836627,0.02348667933167134,-4.101498156407592e-06,0.014200714014728444,-0.0005322836288088606,410.0,78.0,411.0,1649.200292509132,-1.2697961422765445e-06,38.70604753859437,0.0,33500.58373133984,999371.3023755825,924.1068381860939,6.739660736103615,0.010983360791636596,1.946089201880345,0.1321534829732709,380.0,76.0,380.0,11623.5585036476,0.004682371496672318,11106.960893098758,0.0,158066.1247646378,15418033.69660799,822.0175662113235,5.613806665625913,-0.0004031628976091839,0.38281354549212665,0.0,346.0,66.0,365.0,10214.211068594372,-0.00047637788442778106,9251.553384951505,0.0,36184.86494115068,1360417.0189322764,866.7439624950962,7.48866372971278,0.0034047295679358867,0.19700743549734412,0.0,204.0,55.0,281.0,13366.311202052322,0.001908462817294821,12341.317826566661,267.0,2
2,1359.4462815667375,1368.1221443683228,678.9023501193044,0.0283835363874309,1.550086783535834e-05,0.015114754132869335,-9.711449937088723e-05,342.0,65.0,343.0,1356.5707460408255,3.2368353036706573e-06,38.45969180496887,0.0,28531.185905673945,913828.1727808244,784.4368031691959,7.118411915127171,0.003101906448565555,2.0294368051735994,0.08980755688224917,323.0,59.0,324.0,10080.730179247214,0.006202960896871209,9645.448144997317,0.0,129665.13596287742,12630229.455090243,672.9470885713947,5.971233289975508,-0.0006045105472194932,0.38699276238831715,0.0,305.0,51.0,298.0,8874.059506845468,-0.0015981731132142182,8091.021107916814,0.0,33191.413980625126,1350565.4754226052,750.910018288134,8.73155726744121,0.007931044018488213,0.23218769829129826,0.0,174.0,47.0,239.0,12644.763536384731,0.006421681065308144,11831.260097382838,229.0,2
3,1332.2576870269613,1338.6689327819847,665.5078561205421,0.018348136960105784,-7.502960055339873e-05,0.011902535670484493,-0.000128402170721853,363.0,67.0,363.0,1328.4882181225794,5.202149000620336e-06,24.36632588302048,0.0,34368.1870619909,1724618.796676816,750.1597110277488,6.991320216331916,0.04925592906791007,1.2973150051968414,-0.011374510538917804,333.0,53.0,334.0,9797.853538907148,-0.002638375218527396,9284.473247288784,0.0,141698.46390567106,15164291.495539365,659.1945464967171,2.6708418994040914,-0.0031974592386098378,0.5270317071649586,0.0,298.0,48.0,294.0,4264.126195755737,-0.001835412462253546,3546.8780424086335,0.0,78858.95287946233,7040253.979119204,829.6357795577486,15.425113161887106,0.01339716584367095,0.5261828744616146,0.09259412582505533,259.0,39.0,260.0,21133.166593767608,0.03597096185235824,20484.550278986077,0.0,2
4,1372.4805756109213,1380.4219855094107,682.3256022631348,0.021740155532788855,1.7532523705349934e-05,0.014077881434508277,-0.0006565359834469486,367.0,59.0,367.0,1367.705847990237,-3.483222312473595e-06,29.718792613322364,0.0,38712.58246596667,1939011.1809987838,773.3876152272895,8.037192408799136,-0.00016742564556621858,1.675665829665442,-0.15446235835607425,322.0,54.0,321.0,11453.68123297568,0.003967210709047081,10986.84202282842,0.0,144254.24675261363,15255674.84566474,689.4153556917179,2.1356338999472255,0.008341042902028159,0.5188673959894317,0.0,301.0,45.0,308.0,3661.421814511373,0.001975010434908995,2919.411541227857,0.0,64296.13548070654,3870787.890674781,684.0425770022637,10.063475044563964,-0.018169215841173283,0.4058753874492851,0.028156312831512764,282.0,47.0,283.0,14475.202308509004,-0.003844155102609414,13756.770385918939,0.0,2
5,1412.2559593816327,1422.3325365695373,700.3502661712778,0.021874023923021617,-1.0450833520775695e-05,0.013898888293372269,0.0002051920487284864,383.0,59.0,383.0,1405.7922775949853,-6.007407654406102e-06,30.733003611845373,0.0,41329.17466018074,2264658.2239409317,791.035124350845,8.506106700300172,0.016695559585263742,1.7803693555813127,-0.053509385728080616,315.0,44.0,315.0,12423.1568293069,0.0047463259959537206,11951.079913921743,0.0,148886.84039865306,15810409.764800418,708.359538240115,2.109924813952485,0.003639052414733213,0.5133015643951921,0.0,300.0,46.0,289.0,3730.3828169560347,0.001850129291089547,2964.4443636032415,0.0,68205.43204699203,4646592.183526135,731.0303569788459,11.717830790945737,-0.03159483001476764,0.4285635012654154,0.029614189249716816,277.0,45.0,277.0,17181.008869189973,-0.0006840273519117732,16463.55226127876,0.0,2
6,1128.5581001644043,1136.5443574512958,559.6380380424769,0.022620093062149963,4.4168327050881346e-05,0.015626242055357786,0.0003436401985745796,296.0,48.0,295.0,1123.6048666834654,-8.755287683332958e-06,25.40236450879441,0.0,33380.07602163822,1830988.6328417442,738.7197313062516,8.954011711627667,-0.03185571037953718,1.476106134680677,-0.02740976991699995,258.0,46.0,258.0,10445.038371398858,0.023392265094113872,10055.35515215787,0.0,118568.17840132004,12548456.101245381,567.0438368429236,2.0428970221936598,0.011211122807135557,0.47121585417701795,0.0,236.0,47.0,249.0,2924.384174375143,0.0027340965735712297,2294.17335592348,0.0,57513.672914795374,4021473.6332953796,560.420485078755,11.710084024922265,-0.026510603507569036,0.4531833883958285,0.03144593694233677,207.0,39.0,208.0,13720.836249267617,-0.008166212802101527,13150.424359987705,0.0,2
7,1070.0784666120194,1078.8516781329051,529.119599549737,0.025725272889981155,1.0187728153715116e-07,0.017075943015352535,-0.0006580577318468506,285.0,47.0,284.0,1064.7779813107409,-1.4323143314060702e-05,27.37169035493995,0.0,37203.048607088196,1964786.0009717494,560.0631675304163,10.12581782649942,0.025222941536313007,1.7878678739047906,-0.11859056181440375,255.0,49.0,255.0,11124.728797506152,0.006345872310178378,10773.870167395382,0.0,111902.13305180611,11796010.78838753,536.4988657569321,1.9840346236395447,0.009111313451372843,0.5261303722899271,0.0,223.0,41.0,240.0,2693.672423093202,0.002472033013939014,2111.0128395524757,0.0,53538.729699980555,3735563.504845282,532.6517897756103,12.48036869754543,-0.03258902582944208,0.564822741954158,0.011446924014386184,210.0,37.0,210.0,13798.135469727638,-0.005500863228681861,13279.112294188337,0.0,2
8,972.5582792162777,978.3546824860763,486.98375419266677,0.03232762822055564,-2.423098500285807e-05,0.015023873389712006,-0.0008675981624107765,230.0,38.0,229.0,974.8388637068946,1.211725128974669e-06,31.454782258600638,0.0,23838.095246665092,1005851.1051924784,494.3166770181784,6.175000559597542,0.002112973171696619,1.669969787933665,0.018938217150966885,225.0,25.0,225.0,6347.131908730177,-0.002041494116612695,6008.275544488409,0.0,114207.1298186507,13503080.305086534,486.5570212413703,5.6311900685453855,0.011127423826838794,0.4941081130189957,0.0,218.0,28.0,214.0,5972.958647813588,-3.1200537378234074e-05,5479.1479366946605,0.0,31877.02251399529,1380000.2925208802,479.6852410871438,7.1702611300786065,0.003139574580700384,0.4420862906359062,-0.03346220312992898,191.0,17.0,191.0,7489.132098633077,0.002691010624392832,6976.664079566484,0.0,2
9,975.0544892480548,978.7748361545176,489.07990457797274,0.025338228406588923,9.034984776183721e-05,0.014181183708066647,-0.00043664871136228633,244.0,36.0,245.0,976.8215552425648,2.7067512752366195e-06,24.73011092483079,0.0,21316.548296754747,888490.1427194747,620.9639005419763,8.356401134333193,0.00352205567316853,1.67805145171166,0.07648387491896136,244.0,26.0,244.0,8471.462187642472,0.013341141440022374,8155.847507109196,0.0,115030.14413154451,13636688.573432004,488.50513779782455,5.037216317869101,-0.01060326384982473,0.4844571117732457,0.0,223.0,33.0,213.0,5416.485333044366,0.0002839486565849078,4916.323126240242,0.0,30132.97223851452,1330822.17876552,523.8132942532774,9.605707339128644,-0.0060891036992021365,0.3630199978790465,0.02206806863912547,206.0,15.0,206.0,9900.542208020823,0.009713754137121002,9375.170362989556,0.0,0
10,792.7435958460628,798.2393201116816,397.49954175018235,0.0267638246316716,-6.909616548591812e-05,0.014388061769296967,-0.0008999477362914288,191.0,25.0,191.0,793.7208835107035,-1.9755712860218e-06,21.22371293291558,0.0,21285.508513646295,1033855.4416466192,505.2239168425725,9.222527903737046,0.00406431054124466,1.8070203374402638,0.15033705221151195,192.0,20.0,191.0,7567.517575443832,0.025170662183423308,7313.464627663478,0.0,93240.64435065622,11031590.19089441,408.1479565283863,4.238063312064456,0.02309428004366805,0.4925475420455996,0.0,185.0,28.0,197.0,3771.317579832319,0.013536277940093782,3360.784206467114,0.0,24060.980712943096,1088182.9875358664,464.9569092141449,9.15410217823144,0.012967776679691893,0.37700586892962207,0.043914976897761804,155.0,10.0,156.0,7689.050869408362,0.02777096044777825,7259.203027337532,0.0,0
11,659.4013910093008,664.7427566284009,330.1089736590461,0.03821405895279146,1.4984467827422801e-05,0.021526370786691174,-0.0007732183366314649,197.0,20.0,197.0,661.2173000072023,-5.2873349746550675e-06,25.22127890884236,0.0,20741.60946324902,1069354.886093033,376.00267687102536,12.863206314409172,0.01970059617414628,3.83070290394138,0.14645349703728083,193.0,13.0,194.0,8646.44714390464,0.02156127931789952,8489.716167510054,0.0,79097.04607684046,9518900.725485438,331.30125700640355,5.344860342031375,-0.013584773579584467,6.064051500655367,0.0,188.0,19.0,191.0,3801.097014296597,0.002204351428639857,3527.607825740708,0.0,22466.95351387756,1036641.2118864754,345.66126241589865,11.798322654332143,-0.004199840261150003,0.8326783871160401,0.02706193066133622,179.0,4.0,179.0,8069.547064989549,0.007298099832591779,7786.892951859214,0.0,0
12,2050.908212206216,2056.820462878755,1026.6465649969277,0.010887262787959939,4.549706921939317e-06,0.003880604972957391,0.0,464.0,85.0,464.0,2049.5106878949655,2.6070260448925646e-06,22.308001452529915,0.0,39961.59418527996,1311204.8565386895,1277.4408353072183,4.067458445099095,0.0010139298865412141,0.4975123490246318,0.006007452241256317,349.0,81.0,358.0,9462.324553048433,0.00779071135847159,8334.222354008045,0.0,185294.0566737307,17082568.621351477,1054.7189150796653,4.08275925925227,0.018773247541128576,0.17242218696873124,0.0,247.0,74.0,249.0,9774.822624420627,0.003918798018330468,8365.5737222079,0.0,35074.25187311003,2281303.7687312746,1184.2010550559594,6.991109374147983,0.003740293070530801,0.06740136630922833,0.0,122.0,83.0,256.0,15788.628266059168,0.006891241847288214,14324.783107629217,278.0,2
13,1660.5294017050528,1679.6358711784799,829.8913497839964,0.014558715144083976,3.0896615417017685e-06,0.004595441842037307,0.0,334.0,62.0,333.0,1649.8200976163264,1.0325535093651167e-05,24.007321272594474,0.0,34603.82695285723,1202635.8986822926,1020.96056808255,4.995351973796844,0.0010039652075665363,0.617104932391122,0.013462647852456655,287.0,64.0,290.0,9082.426793019466,0.0086208247470012,8237.335404790996,0.0,148498.6215162591,13625163.38758443,852.3944504847499,3.9949644323991502,0.023698307392924833,0.18298356153194106,0.0,183.0,54.0,196.0,7714.342823571479,0.00550292004754584,6587.696349026199,0.0,30432.107586769067,2011352.6553055462,942.5209874535799,7.751140956123263,0.009490950617262538,0.057758430771855274,0.0,89.0,60.0,195.0,13935.491198607251,0.008243226959882012,12781.63143664726,219.0,2
14,1651.8138628287102,1664.7610212969923,824.827214040442,0.013202451691804435,2.5051559794672884e-05,0.004872920561852789,-0.00012505371433113588,367.0,70.0,364.0,1644.6119495990881,4.609158807999639e-06,21.70483058132649,0.0,35426.99411359307,1386938.2511720995,1043.3344965431388,5.710686098276444,-0.0024059630902749174,0.6622303574312487,-0.0030309469434480762,270.0,66.0,275.0,10210.724558549446,0.009592150699076126,9388.367945566473,0.0,148072.09367175758,13599082.830796639,856.1963452859719,4.105729600950547,0.024155289763931387,0.20178134887559906,0.0,204.0,57.0,222.0,7865.7415788090475,0.006777008077401798,6749.819463962699,0.0,33597.12382026015,2209457.8110676506,962.0234515458963,9.018768096268863,0.009627906659757223,0.06567869723778674,0.0,90.0,52.0,199.0,15959.881087812671,0.01013517439908098,14826.854750266011,223.0,2
15,1609.9732155965348,1619.1904217126792,804.4954763531019,0.014962235465801778,3.9733834574036425e-07,0.005335921071488281,-8.041440520134557e-07,321.0,69.0,325.0,1606.6626530732185,2.835463032317538e-06,24.029350158077655,0.0,35151.58448462383,1239173.7497491203,944.383916945989,5.2836243448184455,-0.009317970009573706,0.6800112314395597,0.0,290.0,66.0,294.0,9286.183797313337,0.006582921691742567,8485.500697778423,0.0,145265.20394898747,13390488.6477529,830.8231170524044,3.9567092081085926,0.0239516724442836,0.1403355988025723,0.0,165.0,52.0,190.0,7467.241580089353,0.005758299080131142,6354.4749882224,0.0,30470.47869101483,1837452.2060779103,878.4157375404421,8.27049694597608,0.010217592314394461,0.04517339163095002,0.0,87.0,59.0,192.0,14418.333508789894,0.006895614088810698,13282.418095237585,217.0,2
16,1489.908209768576,1501.942796832116,741.8724309082354,0.016745108460228357,1.9692499841872845e-05,0.005842906953711924,-0.00041438001176746786,330.0,57.0,329.0,1484.8617061890463,-1.9453860881657207e-06,24.849740954978884,0.0,34678.10404769922,1322001.0235991147,861.3466734194266,6.197051959399156,0.0061091985464738485,0.7302404040168593,-0.005734404585691966,264.0,62.0,267.0,9904.936011630187,0.006747228018430786,9196.425107748348,0.0,133260.1576787701,12196319.451654093,771.7784314543012,3.862723080150851,0.026071341973678813,0.19287133186228544,0.0,160.0,49.0,186.0,6747.659568653036,0.007181040100308314,5732.281050943863,0.0,29449.071997494237,1740005.2591918297,769.4943495671168,8.24190535827235,-0.0013750869665798504,0.06262814174812714,0.0,72.0,50.0,179.0,13257.743673451212,0.0034879164248086585,12230.987551676166,218.0,2
17,1473.912373229881,1479.2188749690647,736.1763352521244,0.015411798863912819,-2.0297023822096497e-06,0.009476977729522718,-7.728056714451093e-05,387.0,65.0,386.0,1471.4414186842514,1.520820290761674e-06,22.670756128815757,0.0,24213.258777047184,594239.0486452768,778.374712626595,5.541115701904994,0.0033778820630383753,1.088971750104525,-0.020893747056970113,368.0,51.0,368.0,8736.034322915086,0.0025992197605656394,8150.981197502247,0.0,158963.4219107795,17265231.682343647,737.9856551326492,3.6555633261385725,-0.011376323942112711,0.3975880655414272,0.0,334.0,49.0,330.0,6229.21498767828,0.0007033997377122081,5377.33365274984,0.0,39409.0727245148,1426831.7695582977,810.1978494103691,6.463512979061307,0.005222842050981102,0.2546592227312381,0.015181695979819665,283.0,24.0,284.0,10354.056979724104,0.00729512842398441,9507.827592199183,0.0,2
18,1165.677937025647,1167.6942946669005,582.7683354667113,0.01821283956650806,1.567208765612195e-05,0.011764360050917522,-0.00034657273349963935,295.0,46.0,295.0,1166.5249524191681,-1.3474171031470569e-06,21.236170934548397,0.0,19796.968930835927,438169.1100551617,567.3339737536375,4.688983765382955,0.0010915221506594623,1.0868337759077658,-0.014357177439507929,284.0,51.0,284.0,5941.175914738128,-0.0006861849331639564,5467.355070436525,0.0,127797.31110877753,14082627.272805857,583.2659681772949,4.105289829409156,-0.011402523820151798,0.465863255706779,0.0,262.0,41.0,259.0,5418.931544343819,7.99466867149599e-05,4786.767941091077,0.0,34862.62893729907,1263855.7048860828,607.4460256087027,4.125412402167316,0.01119565246734429,0.2129288767676254,0.03211181326665624,225.0,19.0,225.0,5510.881712434053,0.005391791085554238,4810.23086092709,0.0,2
19,1150.1404731468556,1154.537773678337,572.9045348105537,0.01957646277899866,-2.3722249126292984e-05,0.012367658589246489,-0.0003610312422132611,298.0,51.0,298.0,1148.51030640634,-4.516951131843012e-06,22.47377927029046,0.0,19213.47090112913,472078.45661747357,502.91247903033894,4.521181895641558,-0.010400351275776274,1.0856614016441362,-0.016527213832622678,291.0,40.0,291.0,5650.856825818739,-0.0028776185721698143,5190.316816196509,0.0,124907.28909245174,13667081.908720555,573.7045801580896,4.419049089761842,0.0006193544036294579,0.429452248197002,0.0,254.0,31.0,269.0,5709.86462681478,-0.00022235267315649866,5073.068355046595,0.0,37805.97568930608,1432132.555798764,569.8396158876853,5.296820334612175,-5.747586397806816e-05,0.22640589319585125,0.010447491416170962,233.0,26.0,234.0,6756.53429590246,-0.0010591997939440063,6080.749744134777,0.0,0
20,1302.1840112269556,1306.778522783817,650.2071825238053,0.019463702384996246,3.174075556423316e-08,0.013799703947989406,-5.100406505842425e-05,342.0,54.0,342.0,1300.520241656802,3.8923204724701446e-07,25.30281310049512,0.0,18968.959378281193,394647.58289026003,703.5039210710595,4.347282368955662,-0.006426088936241851,1.1191283090861133,-0.02036626010661724,327.0,49.0,328.0,6168.611373433044,0.001697029521919427,5651.467079642361,0.0,141399.7991416801,15471590.291500367,653.3444855896895,4.3846124113442535,0.010352160405569431,0.48362751067674026,0.0,301.0,50.0,287.0,6403.8080886094995,0.001296168117234026,5699.996134747529,0.0,46609.717466650625,1849147.8665319202,671.5006098479888,4.639503457254632,-0.0053312836197619345,0.22074699664884,0.0208515428151248,280.0,29.0,280.0,6799.131414542251,0.0025950092170549184,6031.3544944310215,0.0,2
21,1168.4017519295535,1174.337267153105,583.1492605284648,0.017480446476467543,2.2098924994843105e-05,0.010008752531001308,0.00041406584868886043,302.0,49.0,302.0,1165.5473854166362,2.232134067083458e-06,20.364720145084686,0.0,17347.400069041658,379369.4967889547,678.9431229220388,3.8442768711167634,-0.002799058256256563,0.9356094177945309,-0.004838974375713567,273.0,40.0,273.0,4994.535382139488,0.006109187195983241,4478.582554851029,0.0,126448.98753985143,13802847.091366429,583.716181506677,3.5241021119434905,-0.01165576673376059,0.3882008978228413,0.0,249.0,39.0,259.0,4798.929540079268,0.0005758510850979793,4105.578960414166,0.0,43271.610777571,1792434.1824620997,572.7119514173846,4.800815974549394,0.01371784649193404,0.16436295484281516,0.01921203239734126,208.0,26.0,209.0,6328.351627026351,-0.0028244485465409508,5592.950610350044,0.0,2
22,962.8820570259875,966.2253117872001,482.5272590730039,0.017355975328966603,1.2684688833713184e-05,0.008718356303222818,-3.853153048372082e-05,223.0,43.0,222.0,963.4758481318327,4.178340361165595e-06,16.71380424179484,0.0,21389.135710407663,807007.6481084153,579.541518873738,4.563091665670261,0.010919326652838261,1.0446765222243606,-0.003973000767231838,179.0,39.0,178.0,4802.303610665847,0.012118114412881584,4394.257274040461,0.0,91806.40770542937,8950444.784666259,489.0449280009839,4.624070413717358,-0.02375684623977985,0.3619524216298231,0.0,200.0,34.0,207.0,5042.8723015567675,0.004286654842004259,4452.979808409816,0.0,18903.974980589395,1068440.2068585188,558.6897800170343,6.861917991466287,0.0028531088347617433,0.1744856508604684,0.0,76.0,40.0,126.0,7268.438741314957,0.016350114926569508,6608.027025782034,118.0,0
23,886.4418085923526,888.5110924064957,443.67074708771725,0.019938096258047537,-1.6712811968821066e-05,0.010512584544538905,-0.00022112097710125234,218.0,38.0,218.0,888.5636189278225,-5.200892577717592e-06,17.705029477146212,0.0,22555.98702522643,967347.6640691143,514.2136004037388,5.9289045474895214,-0.004875386531167107,1.239428335999702,0.07282927078808221,185.0,37.0,186.0,5615.594818535736,0.008202803537539995,5264.867238170695,0.0,85732.95768343368,8471259.510835236,447.8662454483314,5.1882015313869925,-0.0029045729342124828,0.32767872163795175,0.0,178.0,29.0,189.0,5149.3309486223725,0.002704428323601102,4607.122959871649,0.0,19152.086879250885,996306.8227130435,471.03146863280546,7.075335058521006,0.0043882176384531894,0.193449462186996,0.0,71.0,32.0,118.0,6857.94482898085,0.0058136402574633485,6282.897531966653,105.0,0
24,883.0762609836082,887.9706032327791,441.1295141290788,0.02075718659196637,-8.050647923017451e-05,0.010955018301440744,6.50391938455952e-05,222.0,35.0,222.0,881.76428092184,3.996218754983182e-06,18.28708138752237,0.0,20210.30395844845,722629.4741048594,483.41015715131334,5.8067451514065045,-0.0038951774471679412,1.150158626827949,0.025371612542990363,183.0,38.0,184.0,5464.005456462656,0.006433144818419358,5115.74247838913,0.0,85619.72799140422,8517573.61348113,442.1519436451377,4.912643821916846,0.0027081413614228125,0.3744957283053054,0.0,183.0,32.0,179.0,4858.757162712135,0.0005947739330219361,4328.039207108741,0.0,17445.518950096506,888351.8920230075,492.3986265442858,7.26947111491918,0.010706745373006601,0.1875135079983714,0.0,74.0,36.0,124.0,6983.745145947509,0.012865565346273361,6404.404052243798,114.0,2
25,1006.4291770335399,1009.6249357112321,503.66879679825195,0.016818693516930983,-1.2710850198390973e-05,0.009330888958988037,0.00011153106978412097,233.0,44.0,233.0,1006.4650337572007,1.928252025924891e-06,16.919605678032568,0.0,19320.20321482176,603163.4683551728,626.9482255000797,4.053496894035276,0.0162632815973651,0.9504880208587949,-0.019165192160048194,211.0,42.0,211.0,4521.327129938663,0.013537170539578385,4077.817875399488,0.0,97312.96339273105,9642208.360086838,510.43996981412613,5.052202975980615,-0.022824565844840734,0.3352035635527244,0.0,205.0,34.0,193.0,5701.597619095793,0.0039017902833635362,5082.516193836498,0.0,19267.97428102488,1041599.996974373,603.4512400201422,6.3920435275471705,-3.979434997865021e-05,0.13510446947772037,0.0,90.0,42.0,140.0,7122.867459905685,0.017379034551204983,6430.395788712453,114.0,2
26,796.7871072218263,799.0578253399614,398.2142540876739,0.02145961029512354,2.5096203732980856e-05,0.010149476366616117,-0.00023316468806811042,189.0,35.0,189.0,797.6052719306281,-3.483037782049636e-06,17.103309405213462,0.0,18006.54466932318,638487.8790007243,470.1933193559013,4.781693268869339,0.026294758226349683,1.0769408597044432,0.16862716454783566,167.0,36.0,167.0,4144.410862478803,0.01778970656923377,3811.009535288863,0.0,78279.90674923101,7888500.219868529,400.6364196467898,5.3961688237158,-0.029944758537854912,0.34184118854794576,0.0,168.0,32.0,161.0,4782.5806824124575,0.0013677912570893304,4300.746552501492,0.0,17105.541980595866,911420.6305303598,435.56042166933855,6.343295476720545,0.008696579443600977,0.17375165855008223,0.0,65.0,30.0,108.0,5584.57579836154,0.014407385826772581,5055.606494946274,94.0,0
27,1090.366457222959,1095.019125797958,544.8477114414129,0.026508318425389046,-3.926894532042138e-05,0.011894895643381809,4.509316273842989e-05,268.0,42.0,269.0,1091.2494248836215,-2.3476279143813122e-06,28.89406708367406,0.0,22330.264938956876,606312.131858163,589.84297013966,4.930863843362742,0.004990850082177254,1.370505631388525,-0.05288553084578229,240.0,35.0,240.0,5770.77887020221,0.00566244648822154,5374.641589265389,0.0,122829.58794635293,13933350.912855526,545.7849536993319,4.1093835427071745,0.005972946465681839,0.439517593322833,0.0,257.0,42.0,234.0,5098.008417630925,0.0003350217100806278,4479.22806155082,0.0,27629.550361250505,950541.1696613604,575.350438704414,5.084291893167713,0.002024887836977727,0.2641691117271745,0.01319939962332528,214.0,20.0,213.0,6180.491998426944,0.006960604033311833,5541.878163552807,0.0,1
28,1052.0435700577102,1057.8871203202766,525.4148974047827,0.0300796133182802,-3.6873342765635784e-05,0.0165040464593324,0.0007026430545505891,255.0,45.0,255.0,1051.1248660674223,1.0369551147105774e-06,31.58359398419421,0.0,21897.87784534674,659953.3446482134,615.2474640341017,5.48198111003947,0.010142285218530141,1.8406530781462513,0.005045380449947956,240.0,37.0,240.0,6101.061879340509,0.008619149542266755,5756.080165541443,0.0,119035.4798868162,13595736.3393024,530.2943486359695,4.711142026327922,0.018957859154528193,0.43449870198978147,0.0,230.0,39.0,223.0,5535.192476716105,0.0031265701539974705,4946.699127644318,0.0,29348.05894665733,1089907.0287329508,613.1702367091957,6.206064590466657,0.00029030339212565893,0.2969295911649894,0.05094290426893622,208.0,21.0,209.0,7113.088339913629,0.018342292799565812,6516.3678199899905,0.0,2
29,1080.541248348698,1085.2777381460442,539.0899482285799,0.02191671692084841,4.626479721157871e-06,0.012976549179182006,-0.00024905957116327926,279.0,48.0,280.0,1079.6365910859492,-2.3193577033810854e-06,23.648137557595437,0.0,23343.73864796976,649978.1009810152,603.8424927632285,5.21406266447574,-0.009194364025733533,1.830488407690586,-0.08541702425678466,256.0,41.0,257.0,5992.6840121952355,0.00716339287505116,5625.9736149693235,0.0,122292.9800216358,13956871.642785532,539.8153934556075,4.9482057544787015,0.01585541950259794,0.4620555317357855,0.0,248.0,40.0,255.0,5924.399767386985,0.00018297887617559593,5339.114009082519,0.0,26192.427078231463,886448.5399591594,544.7487516997272,5.499321553198972,-0.001427187544406016,0.3281683843569425,0.004664025675531924,217.0,21.0,217.0,6516.456084248115,0.0006211161176773772,5933.767955901691,0.0,1
30,1046.7637142579688,1052.2841222531688,522.3423241362829,0.02614152004364627,-4.0891704348673745e-05,0.014438077301635599,-7.795146624167693e-05,250.0,45.0,250.0,1045.8500020238055,-1.186679620555296e-06,27.31788844561035,0.0,21783.12276102175,659825.7898696658,597.5991985152372,5.836756212933719,-0.0010992604246307395,1.7321951171477536,0.06261529522361542,258.0,34.0,258.0,6458.104530245633,0.007865898065494146,6099.410242515736,0.0,118068.18994955029,13426839.360749042,524.2396928701235,4.435395887127532,0.004894245830564165,0.45218854934040564,0.0,236.0,35.0,233.0,5212.35625808927,0.0010504778351632328,4634.988702048271,0.0,25152.89146899993,809114.1311538671,556.4593202644323,5.179409623378042,0.003236755650054672,0.31347501628040675,0.05239302906466037,215.0,19.0,216.0,5989.501161305039,0.006563766503438776,5412.483056430054,0.0,1
31,813.3843545305888,819.4462695376118,406.0119043174549,0.03480168690020098,-1.0675593803295069e-05,0.01877881767717904,0.00017414435508394943,198.0,31.0,199.0,813.236456837704,-8.234852550287126e-07,28.258969762963197,0.0,19925.31797573866,665892.0408432612,482.5768930408998,6.956113514600595,0.028812361109641502,1.9759936548933257,0.06894458609010456,189.0,24.0,189.0,5893.531217383411,0.014451994775495873,5648.3641738556835,0.0,92332.06518914166,10571062.058273396,411.35633090046906,5.14002349774391,0.02022624481770549,0.4525550202185826,0.0,195.0,23.0,194.0,4610.700762134056,0.005427227323813578,4173.699080168055,0.0,21992.100931723377,761156.3897605204,465.29614902450913,6.201751382174459,0.007813560342274463,0.3755607468779161,0.07238473151245817,157.0,13.0,156.0,5464.912461389664,0.01924409046464551,5035.8221223256605,0.0,1
32,1057.0949702594676,1057.8970642585407,528.9884954762975,0.015340830943987681,-4.875974582196949e-05,0.010265990562974836,-0.00030439897745015987,274.0,44.0,274.0,1058.260487525882,-4.1460574874421984e-07,16.230599138738967,0.0,19463.06987596114,464602.1647593901,629.6790511966148,4.195288431424625,0.019319631511169652,1.2538008290743683,0.028651660011167035,236.0,40.0,236.0,4846.269659035176,0.007613799706000051,4438.6151604472525,0.0,114397.9011095171,12716594.204170937,527.0872624968044,9.721689831353078,0.0006693105760533381,0.5044404049895661,0.0,232.0,37.0,248.0,10838.995807125628,-0.0013862943811104361,10285.547841571557,0.0,24583.687977211084,724579.0498658309,584.9246523994352,3.6750849013586073,0.0019815684092239897,0.208435253119446,0.03002138053592074,191.0,22.0,191.0,4524.673190720514,0.008357883099897772,3888.2398256374067,0.0,1
33,821.1374147161744,824.4512611577612,411.2615401777175,0.02095768271504482,-8.106079278051468e-06,0.013799611701550862,4.694178944913974e-05,208.0,38.0,208.0,820.3921467279479,1.0312976370818146e-05,17.185299826336752,0.0,15619.288331847809,391979.9391382941,405.79334193380345,3.779092804002354,0.03375733198164088,1.4786571764464256,0.0015691410887423984,186.0,34.0,186.0,3394.8239738789084,-0.003058608572368189,3098.8560992819303,0.0,88851.72485351714,9902503.02415107,416.16249967604494,9.40372558064354,-0.001453148021374114,0.53789380887833,0.0,161.0,32.0,157.0,8143.8817307056615,0.006152796726527326,7711.054976127703,0.0,20573.849320395,617848.3407631096,476.604189100282,2.6477867834453264,0.007431271074895302,0.22788846414684016,0.07090094817589332,140.0,19.0,140.0,2680.352316591154,0.01747251855541793,2171.1851624251676,0.0,1
34,906.6640505276007,908.8283390209666,450.98905369242266,0.023030656921615603,3.602368364215942e-05,0.014560189869215812,-0.00011821319824734111,230.0,41.0,229.0,907.5057979598009,-1.8115330843723276e-05,20.88880582790535,0.0,17942.208887322435,525577.2013528295,524.8589431885159,5.557332126827843,-0.0013333144983945638,1.68813642820988,-0.02178904490727973,225.0,39.0,226.0,5341.017850734339,0.007993999355572297,5040.500239032854,0.0,98078.20507037253,10905298.689785132,456.66069179378843,10.813806757428324,0.04202916634323119,0.5625224443013934,0.0,215.0,32.0,208.0,10267.237731109082,0.0024004327906217084,9808.12272898749,0.0,22514.785478310936,681686.1187238226,460.19871789073363,4.09136665510667,0.003884222700315229,0.2589945031022509,-0.0013143734529137419,169.0,23.0,170.0,4242.647023949109,-0.0012369183800381906,3710.8695561817494,0.0,1
35,944.4745167569727,947.6384509425078,471.8481948105743,0.02541426776720335,4.515282502167861e-05,0.01637674740008843,-4.968747174149968e-06,240.0,44.0,240.0,944.6266112595583,-1.3676241418777936e-06,23.991068772239963,0.0,18955.044200766082,527376.7179662003,551.5073486051235,5.273672559247747,0.02342751118889762,2.069178706334482,-0.10947007936209996,228.0,37.0,229.0,5270.6969511766565,0.0068229093454109605,4978.346895929873,0.0,101803.20339355132,11308587.102463746,472.8304395465338,10.89057430312962,-0.004324153025450814,0.535241487310536,0.0,219.0,36.0,220.0,10760.487261748058,0.0004806196130558118,10280.702142154361,0.0,21426.816704335073,611955.7335807027,524.9018301494579,3.4531844440734836,0.007612967581277267,0.24180309012697965,0.03789990663062648,181.0,18.0,182.0,3814.967697189687,0.007961032926711529,3259.8061152053683,0.0,1
36,1050.0538263681356,1052.4916159167647,523.6487873830304,0.022041873690673886,6.46924055958061e-05,0.01382556041036448,0.0006396692596265519,268.0,50.0,268.0,1050.561854720252,-7.561712893412682e-06,23.14396737520758,0.0,19189.783348592846,508659.15903145296,629.3256523001883,4.558191574167121,-0.01772561382679952,1.829664932610104,-0.021502378358754903,242.0,40.0,242.0,5126.920555466947,0.006703318087123891,4786.101152875477,0.0,113752.58666527133,12678051.878368119,526.0659344545481,10.50845276197174,-0.03999241257583392,0.6119001204455756,0.0,244.0,28.0,247.0,11559.860165511931,0.00048177552079153434,11033.875400070327,0.0,24931.666545550164,730211.2388797225,553.2990137876448,3.6864373064898226,-0.0005623072700025827,0.23255874249119657,0.024527407648148536,195.0,24.0,195.0,4480.600523384655,0.0016099286288814157,3870.7591718143135,0.0,1
37,1429.7833845282373,1439.4832699564984,709.5966260963619,0.016409193700042207,4.861039687330164e-06,0.012211481532912183,0.00025233095983490106,366.0,61.0,366.0,1422.3693968697726,-4.18829561460879e-06,23.333873441460018,0.0,24880.885023480518,547505.8582514066,881.1388962648882,2.985805994329618,-0.00885553760961773,0.8370122164826501,-0.0645616942583418,313.0,54.0,313.0,4896.623040171983,0.009043139780413682,4245.816123936716,0.0,151351.66694250994,16148669.278712705,715.0771093165553,2.2197243487744562,-0.0020458867796476076,0.49531888473062935,0.0,304.0,39.0,311.0,3938.731585293808,0.001296651327053613,3156.4480239572767,0.0,48923.83703648862,1899064.9677072775,696.5910996199386,3.7852762516234764,-0.0046716056906359734,0.21938221593477358,0.014495382848908278,269.0,43.0,270.0,6230.364051523214,-0.0031127208236534725,5382.662829808583,0.0,2
38,1171.6748928497666,1178.3240049071094,583.5003319168943,0.020164906919341176,-6.24100414485978e-07,0.01462085407647884,-0.0008093856948792055,315.0,52.0,314.0,1167.4491054403215,2.237577703491616e-07,23.532446374871153,0.0,30084.631001584097,1117255.4017466628,646.7700835678237,5.844822613580763,-0.007708182726536274,1.4212192550447327,0.06395181379657267,258.0,49.0,258.0,7246.750350028831,0.005370083357803475,6820.90799004875,0.0,124276.58808811192,13265384.026286634,582.1034821404182,2.1482993729498685,-0.0033568545466586244,0.5056537043663809,0.0,271.0,43.0,257.0,3149.3329914521964,-0.0006707297001961453,2507.0653682324964,0.0,40407.221378803166,1798863.5332789486,619.7817903119549,6.325302730460972,-0.003107991338017282,0.348614475493779,0.015748405676784927,210.0,37.0,210.0,8030.697811321253,0.005196389626582315,7381.628286447954,0.0,2
39,1214.1144630525532,1223.0276744944945,603.2389753516981,0.018576730820303408,-9.815859865959124e-06,0.01315306638586855,-0.00013966407986321094,333.0,55.0,333.0,1207.4133687547403,-9.745711528262903e-07,22.422114100106214,0.0,30084.449004316342,1277414.4554569349,710.2137322004536,5.877962162463295,0.010682683175353529,1.2982513367838457,0.01647152141705277,265.0,45.0,264.0,7551.132970251126,0.012027445024717335,7094.700330093197,0.0,128080.89035702379,13624641.130103981,603.0905514171883,2.001551174920401,-0.0012607915660707255,0.4749728662429078,0.0,267.0,42.0,258.0,3092.4898606324396,-0.0001853805728990542,2415.8722681289237,0.0,43993.08699841243,2162706.829652789,659.3747097179462,7.104453000371598,0.01425182805067439,0.3238273647615273,0.02267217247615605,226.0,35.0,226.0,9268.56851602273,0.010573461534119023,8575.074771448519,0.0,2
40,1085.1160253535504,1092.4119715836523,540.0954092001797,0.0211214014039996,-2.3838896202866135e-05,0.015206461323260867,0.0014312365241284652,294.0,50.0,293.0,1080.4951006269316,2.3246311937313164e-07,22.811113516319566,0.0,27848.35254829871,1126496.603814506,657.4591771285646,6.133085274020914,-0.005268430391765519,1.3528467576222982,-0.09565053819707181,247.0,37.0,247.0,7033.074427397045,0.01033071061010316,6623.732095942587,0.0,114663.43230287952,12202572.84458507,540.5176378305771,2.074873167459204,0.008319457195034848,0.4988151567522934,0.0,237.0,34.0,241.0,2840.2024602801985,0.00023656825064966253,2240.8630208559402,0.0,40397.74074552633,1995296.9574493044,600.641570960758,7.518489140189073,0.030702632193369116,0.309443896269018,0.07329952824012764,200.0,36.0,201.0,8729.173211864867,0.012171372669634875,8119.968271404199,0.0,2
41,1288.2293380667033,1296.9214730994718,640.7031869121615,0.02089201629638142,1.3428816269814027e-05,0.013902984214065994,-0.00038769477627770277,350.0,59.0,350.0,1282.582863132635,-1.1725883168433833e-06,26.783564891960978,0.0,32792.293603728365,1597261.032045727,786.9844432733667,6.80885286549429,-0.00030162657723723413,1.5135168962886922,-0.04919995023136048,282.0,46.0,281.0,9196.784114316482,0.011942224846971723,8728.94937356368,0.0,135789.6926612333,14417120.805098742,641.0050423062861,2.1502484122861296,0.007627631795453379,0.48874151127704124,0.0,283.0,43.0,293.0,3460.9601163496227,-2.4648734160155607e-05,2756.6184645508183,0.0,52284.40572552977,2868746.899274587,710.7505569101377,8.8093797450512,0.025263538667652685,0.366915198392908,0.035518289895039246,244.0,39.0,244.0,11997.490359121799,0.011497784020324647,11293.624833155638,0.0,2
